Guerra Produto + Classificação,Grupo,Produto,Variedade,Classificação,CONCAT
1@193,FRUTAS,ABACATE,AVOCADO/HASS/FUERTE,A,ABACATE_A
4@443,FRUTAS,ABACATE,FUCKS,BOCA 8 A 11,ABACATE_BOCA 8 A 11
4@444,FRUTAS,ABACATE,FUCKS,BOCA 12 A 15,ABACATE_BOCA 12 A 15
5@928,FRUTAS,ABACATE,GEADA,BOCA 08 A 11,ABACATE_BOCA 08 A 11
5@444,FRUTAS,ABACATE,GEADA,BOCA 12 A 15,ABACATE_BOCA 12 A 15
13@875,FRUTAS,ABACAXI,HAVAÍ,08 FRUTOS,ABACAXI_08 FRUTOS
13@289,FRUTAS,ABACAXI,HAVAÍ,10 FRUTOS,ABACAXI_10 FRUTOS
13@301,FRUTAS,ABACAXI,HAVAÍ,12 FRUTOS,ABACAXI_12 FRUTOS
14@875,FRUTAS,ABACAXI,PÉROLA,08 FRUTOS,ABACAXI_08 FRUTOS
14@289,FRUTAS,ABACAXI,PÉROLA,10 FRUTOS,ABACAXI_10 FRUTOS
14@301,FRUTAS,ABACAXI,PÉROLA,12 FRUTOS,ABACAXI_12 FRUTOS
16@,FRUTAS,ACEROLA,,,
35@349,FRUTAS,AMEIXA,FORTUNE,CALIBRE 4,AMEIXA_CALIBRE 4
35@262,FRUTAS,AMEIXA,FORTUNE,CALIBRE 3,AMEIXA_CALIBRE 3
35@261,FRUTAS,AMEIXA,FORTUNE,CALIBRE 2,AMEIXA_CALIBRE 2
270@,FRUTAS,AMEIXA,IMP. CHILE,,
30@349,FRUTAS,AMEIXA,LETÍCIA,CALIBRE 4,AMEIXA_CALIBRE 4
30@262,FRUTAS,AMEIXA,LETÍCIA,CALIBRE 3,AMEIXA_CALIBRE 3
30@261,FRUTAS,AMEIXA,LETÍCIA,CALIBRE 2,AMEIXA_CALIBRE 2
32@349,FRUTAS,AMEIXA,RUBI MEL,CALIBRE 4,AMEIXA_CALIBRE 4
32@262,FRUTAS,AMEIXA,RUBI MEL,CALIBRE 3,AMEIXA_CALIBRE 3
32@261,FRUTAS,AMEIXA,RUBI MEL,CALIBRE 2,AMEIXA_CALIBRE 2
36@,FRUTAS,AMEIXA,SECA IMP.,,
38@,FRUTAS,AMORA,,,
39@1269,FRUTAS,ATEMOIA,,05 A 08 FRUTOS,ATEMOIA_05 A 08 FRUTOS
39@889,FRUTAS,ATEMOIA,,09 A 12 FRUTOS,ATEMOIA_09 A 12 FRUTOS
39@39,FRUTAS,ATEMOIA,,13 A 18 FRUTOS,ATEMOIA_13 A 18 FRUTOS
42@241,FRUTAS,BANANA,MAÇÃ,PRIMEIRA,BANANA_PRIMEIRA
44@241,FRUTAS,BANANA,NANICA CLIMATIZADA,PRIMEIRA,BANANA_PRIMEIRA
44@247,FRUTAS,BANANA,NANICA CLIMATIZADA,SEGUNDA,BANANA_SEGUNDA
45@241,FRUTAS,BANANA,OURO VERDE,PRIMEIRA,BANANA_PRIMEIRA
48@241,FRUTAS,BANANA,PRATA MG,PRIMEIRA,BANANA_PRIMEIRA
48@247,FRUTAS,BANANA,PRATA MG,SEGUNDA,BANANA_SEGUNDA
50@241,FRUTAS,BANANA,PRATA SP,PRIMEIRA,BANANA_PRIMEIRA
50@247,FRUTAS,BANANA,PRATA SP,SEGUNDA,BANANA_SEGUNDA
51@241,FRUTAS,BANANA,TERRA,PRIMEIRA,BANANA_PRIMEIRA
53@877,FRUTAS,CAJU,,03 A 04 FRUTOS,CAJU_03 A 04 FRUTOS
53@53,FRUTAS,CAJU,,05 A 06 FRUTOS,CAJU_05 A 06 FRUTOS
54@54,FRUTAS,CAQUI,CHOCOLATE,30 A 32 FRUTOS,CAQUI_30 A 32 FRUTOS
54@59,FRUTAS,CAQUI,CHOCOLATE,36 A 42 FRUTOS,CAQUI_36 A 42 FRUTOS
54@60,FRUTAS,CAQUI,CHOCOLATE,60 A 64 FRUTAS,CAQUI_60 A 64 FRUTAS
57@54,FRUTAS,CAQUI,RAMA FORTE,30 A 32 FRUTOS,CAQUI_30 A 32 FRUTOS
57@59,FRUTAS,CAQUI,RAMA FORTE,36 A 42 FRUTOS,CAQUI_36 A 42 FRUTOS
57@60,FRUTAS,CAQUI,RAMA FORTE,60 A 64 FRUTAS,CAQUI_60 A 64 FRUTAS
60@,FRUTAS,CARAMBOLA,,,
64@193,FRUTAS,CEREJA,IMP.,A,CEREJA_A
68@,FRUTAS,COCO VERDE,,,
71@,FRUTAS,FEIJOA,,,
72@875,FRUTAS,FIGO,,08 FRUTOS,FIGO_08 FRUTOS
72@289,FRUTAS,FIGO,,10 FRUTOS,FIGO_10 FRUTOS
76@,FRUTAS,FRAMBOESA,,,
77@889,FRUTAS,GOIABA,BRANCA,09 A 12 FRUTOS,GOIABA_09 A 12 FRUTOS
77@313,FRUTAS,GOIABA,BRANCA,15 FRUTOS,GOIABA_15 FRUTOS
77@319,FRUTAS,GOIABA,BRANCA,18 FRUTOS,GOIABA_18 FRUTOS
78@889,FRUTAS,GOIABA,VERMELHA,09 A 12 FRUTOS,GOIABA_09 A 12 FRUTOS
78@313,FRUTAS,GOIABA,VERMELHA,15 FRUTOS,GOIABA_15 FRUTOS
78@319,FRUTAS,GOIABA,VERMELHA,18 FRUTOS,GOIABA_18 FRUTOS
79@,FRUTAS,GRANADILLA,IMP. COLÔMBIA,,
81@,FRUTAS,GRAVIOLA,,,
84@1038,FRUTAS,JABUTICABA,,CXT 1 KG,JABUTICABA_CXT 1 KG
85@,FRUTAS,JACA,,,
88@,FRUTAS,KINO,,,
267@267,FRUTAS,KIWI,IMP. CHILE,60 A 80 FRUTOS,KIWI_60 A 80 FRUTOS
89@267,FRUTAS,KIWI,IMP. ITÁLIA,60 A 80 FRUTOS,KIWI_60 A 80 FRUTOS
94@876,FRUTAS,LARANJA,BAIA,02 A 03 DZ,LARANJA_02 A 03 DZ
94@878,FRUTAS,LARANJA,BAIA,04 A 05 DZ,LARANJA_04 A 05 DZ
94@882,FRUTAS,LARANJA,BAIA,06 A 07 DZ,LARANJA_06 A 07 DZ
93@,FRUTAS,LARANJA,BAIA IMP.,,
95@888,FRUTAS,LARANJA,LIMA,09 A 12 DZ,LARANJA_09 A 12 DZ
95@898,FRUTAS,LARANJA,LIMA,13 A 15 DZ,LARANJA_13 A 15 DZ
95@904,FRUTAS,LARANJA,LIMA,16 A 21 DZ,LARANJA_16 A 21 DZ
96@888,FRUTAS,LARANJA,PERA,09 A 12 DZ,LARANJA_09 A 12 DZ
96@898,FRUTAS,LARANJA,PERA,13 A 15 DZ,LARANJA_13 A 15 DZ
96@904,FRUTAS,LARANJA,PERA,16 A 21 DZ,LARANJA_16 A 21 DZ
97@894,FRUTAS,LARANJA,SELETA,11 A 12 DZ,LARANJA_11 A 12 DZ
97@898,FRUTAS,LARANJA,SELETA,13 A 15 DZ,LARANJA_13 A 15 DZ
97@904,FRUTAS,LARANJA,SELETA,16 A 21 DZ,LARANJA_16 A 21 DZ
98@37,FRUTAS,LARANJA,VALÊNCIA,A (10/13 DZ),LARANJA_A (10/13 DZ)
98@43,FRUTAS,LARANJA,VALÊNCIA,B (14/15 DZ),LARANJA_B (14/15 DZ)
98@49,FRUTAS,LARANJA,VALÊNCIA,C (18/21 DZ),LARANJA_C (18/21 DZ)
101@61,FRUTAS,LIMA-DA-PÉRSIA,,A (09/10 DZ),LIMA-DA-PÉRSIA_A (09/10 DZ)
101@67,FRUTAS,LIMA-DA-PÉRSIA,,B (13/15 DZ),LIMA-DA-PÉRSIA_B (13/15 DZ)
101@73,FRUTAS,LIMA-DA-PÉRSIA,,C (18/24 DZ),LIMA-DA-PÉRSIA_C (18/24 DZ)
105@,FRUTAS,LIMÃO,SICILIANO,,
102@,FRUTAS,LIMÃO,SICILIANO IMP.,,
106@901,FRUTAS,LIMÃO,TAITI,15 A 18 DZ,LIMÃO_15 A 18 DZ
106@910,FRUTAS,LIMÃO,TAITI,21 A 27 DZ,LIMÃO_21 A 27 DZ
106@1057,FRUTAS,LIMÃO,TAITI,ACIMA DE 31 DZ,LIMÃO_ACIMA DE 31 DZ
114@,FRUTAS,MAÇÃ,EVA,,
116@116,FRUTAS,MAÇÃ,FUJI,80 A 100 FRUTOS,MAÇÃ_80 A 100 FRUTOS
116@117,FRUTAS,MAÇÃ,FUJI,110 A 135 FRUTOS,MAÇÃ_110 A 135 FRUTOS
116@118,FRUTAS,MAÇÃ,FUJI,150 A 180 FRUTOS,MAÇÃ_150 A 180 FRUTOS
158@107,FRUTAS,MAÇÃ,FUJI IMP.,80 A 110 FRUTOS,MAÇÃ_80 A 110 FRUTOS
158@165,FRUTAS,MAÇÃ,FUJI IMP.,120 A 150 FRUTOS,MAÇÃ_120 A 150 FRUTOS
117@116,FRUTAS,MAÇÃ,GALA,80 A 100 FRUTOS,MAÇÃ_80 A 100 FRUTOS
117@117,FRUTAS,MAÇÃ,GALA,110 A 135 FRUTOS,MAÇÃ_110 A 135 FRUTOS
117@118,FRUTAS,MAÇÃ,GALA,150 A 180 FRUTOS,MAÇÃ_150 A 180 FRUTOS
108@107,FRUTAS,MAÇÃ,GALA IMP.,80 A 110 FRUTOS,MAÇÃ_80 A 110 FRUTOS
108@165,FRUTAS,MAÇÃ,GALA IMP.,120 A 150 FRUTOS,MAÇÃ_120 A 150 FRUTOS
109@107,FRUTAS,MAÇÃ,GOLDEN IMP.,80 A 110 FRUTOS,MAÇÃ_80 A 110 FRUTOS
109@165,FRUTAS,MAÇÃ,GOLDEN IMP.,120 A 150 FRUTOS,MAÇÃ_120 A 150 FRUTOS
110@107,FRUTAS,MAÇÃ,GRANNY SMITH IMP.,80 A 110 FRUTOS,MAÇÃ_80 A 110 FRUTOS
110@165,FRUTAS,MAÇÃ,GRANNY SMITH IMP.,120 A 150 FRUTOS,MAÇÃ_120 A 150 FRUTOS
111@107,FRUTAS,MAÇÃ,RED IMP.,80 A 110 FRUTOS,MAÇÃ_80 A 110 FRUTOS
111@165,FRUTAS,MAÇÃ,RED IMP.,120 A 150 FRUTOS,MAÇÃ_120 A 150 FRUTOS
121@881,FRUTAS,MAMÃO,FORMOSA,05 A 09 FRUTOS,MAMÃO_05 A 09 FRUTOS
121@893929,FRUTAS,MAMÃO,FORMOSA,10 A 16 FRUTOS,MAMÃO_10 A 16 FRUTOS
120@301,FRUTAS,MAMÃO,HAVAÍ,12 FRUTOS,MAMÃO_12 FRUTOS
120@119,FRUTAS,MAMÃO,HAVAÍ,15  A 18 FRUTOS,MAMÃO_15  A 18 FRUTOS
120@325,FRUTAS,MAMÃO,HAVAÍ,21 FRUTOS,MAMÃO_21 FRUTOS
120@861,FRUTAS,MAMÃO,HAVAÍ,24/28 FRUTOS,MAMÃO_24/28 FRUTOS
126@126,FRUTAS,MANGA,HADEM,08 A 10 FRUTOS,MANGA_08 A 10 FRUTOS
126@301,FRUTAS,MANGA,HADEM,12 FRUTOS,MANGA_12 FRUTOS
126@899,FRUTAS,MANGA,HADEM,13 A 15 FRUTOS,MANGA_13 A 15 FRUTOS
126@319,FRUTAS,MANGA,HADEM,18 FRUTOS,MANGA_18 FRUTOS
129@126,FRUTAS,MANGA,PALMER,08 A 10 FRUTOS,MANGA_08 A 10 FRUTOS
129@301,FRUTAS,MANGA,PALMER,12 FRUTOS,MANGA_12 FRUTOS
129@899,FRUTAS,MANGA,PALMER,13 A 15 FRUTOS,MANGA_13 A 15 FRUTOS
129@319,FRUTAS,MANGA,PALMER,18 FRUTOS,MANGA_18 FRUTOS
130@193,FRUTAS,MANGA,ROSA,A,MANGA_A
131@126,FRUTAS,MANGA,TOMMY ATCKINS,08 A 10 FRUTOS,MANGA_08 A 10 FRUTOS
131@301,FRUTAS,MANGA,TOMMY ATCKINS,12 FRUTOS,MANGA_12 FRUTOS
131@899,FRUTAS,MANGA,TOMMY ATCKINS,13 A 15 FRUTOS,MANGA_13 A 15 FRUTOS
131@319,FRUTAS,MANGA,TOMMY ATCKINS,18 FRUTOS,MANGA_18 FRUTOS
135@969,FRUTAS,MARACUJÁ,AZEDO,SUPER,MARACUJÁ_SUPER
135@919,FRUTAS,MARACUJÁ,AZEDO,4A,MARACUJÁ_4A
135@874,FRUTAS,MARACUJÁ,AZEDO,3A,MARACUJÁ_3A
136@879,FRUTAS,MARACUJÁ,DOCE,04 A 06 FRUTOS,MARACUJÁ_04 A 06 FRUTOS
136@883,FRUTAS,MARACUJÁ,DOCE,07 A 09 FRUTOS,MARACUJÁ_07 A 09 FRUTOS
136@892,FRUTAS,MARACUJÁ,DOCE,10 A 15 FRUTOS,MARACUJÁ_10 A 15 FRUTOS
139@137,FRUTAS,MELANCIA,,GRAÚDA (MAIOR QUE 10 KG),MELANCIA_GRAÚDA (MAIOR QUE 10 KG)
139@138,FRUTAS,MELANCIA,,MÉDIA ( DE 7 A 10 KG),MELANCIA_MÉDIA ( DE 7 A 10 KG)
139@136,FRUTAS,MELANCIA,,MIÚDA (MENOR QUE 7 KG),MELANCIA_MIÚDA (MENOR QUE 7 KG)
247@,FRUTAS,MELANCIA,BABY,,
140@140,FRUTAS,MELÃO,AMARELO,05 A 07 FRUTOS,MELÃO_05 A 07 FRUTOS
140@141,FRUTAS,MELÃO,AMARELO,08 A 09 FRUTOS,MELÃO_08 A 09 FRUTOS
140@891,FRUTAS,MELÃO,AMARELO,10 A 12 FRUTOS,MELÃO_10 A 12 FRUTOS
140@142,FRUTAS,MELÃO,AMARELO,ACIMA DE 13 FRUTOS,MELÃO_ACIMA DE 13 FRUTOS
142@,FRUTAS,MELÃO,GÁLIA,,
144@877,FRUTAS,MELÃO,ORANGE,03 A 04 FRUTOS,MELÃO_03 A 04 FRUTOS
144@53,FRUTAS,MELÃO,ORANGE,05 A 06 FRUTOS,MELÃO_05 A 06 FRUTOS
144@144,FRUTAS,MELÃO,ORANGE,07 A 08 FRUTOS,MELÃO_07 A 08 FRUTOS
145@146,FRUTAS,MELÃO,PELE DE SAPO,06 A 08 FRUTOS,MELÃO_06 A 08 FRUTOS
145@141,FRUTAS,MELÃO,PELE DE SAPO,08 A 09 FRUTOS,MELÃO_08 A 09 FRUTOS
145@891,FRUTAS,MELÃO,PELE DE SAPO,10 A 12 FRUTOS,MELÃO_10 A 12 FRUTOS
147@878,FRUTAS,MEXERICA,RIO,04 A 05 DZ,MEXERICA_04 A 05 DZ
147@882,FRUTAS,MEXERICA,RIO,06 A 07 DZ,MEXERICA_06 A 07 DZ
147@885,FRUTAS,MEXERICA,RIO,08 A 09 DZ,MEXERICA_08 A 09 DZ
148@,FRUTAS,MIRTILO,,,
151@397,FRUTAS,MORANGO,CAMINO REAL,4 CUMB/2 CAM,MORANGO_4 CUMB/2 CAM
151@403,FRUTAS,MORANGO,CAMINO REAL,4 CUMB/ 1 CAM,MORANGO_4 CUMB/ 1 CAM
149@397,FRUTAS,MORANGO,COMUM,4 CUMB/2 CAM,MORANGO_4 CUMB/2 CAM
268@269,FRUTAS,NECTARINA,IMP. ARGENTINA,48 A 56 FRUTOS,NECTARINA_48 A 56 FRUTOS
269@269,FRUTAS,NECTARINA,IMP. CHILE,48 A 56 FRUTOS,NECTARINA_48 A 56 FRUTOS
165@107,FRUTAS,PERA,DANJOU IMP.,80 A 110 FRUTOS,PERA_80 A 110 FRUTOS
165@165,FRUTAS,PERA,DANJOU IMP.,120 A 150 FRUTOS,PERA_120 A 150 FRUTOS
254@,FRUTAS,PERA,ERCOLINI IMP.,,
253@,FRUTAS,PERA,FORELLI IMP.,,
166@,FRUTAS,PERA,HOSUI IMP.,,
168@168,FRUTAS,PERA,ROCHA IMP.,50 A 60 FRUTOS,PERA_50 A 60 FRUTOS
168@925,FRUTAS,PERA,ROCHA IMP.,A GRANEL,PERA_A GRANEL
170@116,FRUTAS,PERA,WILLIAMS IMP.,80 A 100 FRUTOS,PERA_80 A 100 FRUTOS
170@165,FRUTAS,PERA,WILLIAMS IMP.,120 A 150 FRUTOS,PERA_120 A 150 FRUTOS
179@349,FRUTAS,PÊSSEGO,ERAGIL,CALIBRE 4,PÊSSEGO_CALIBRE 4
179@262,FRUTAS,PÊSSEGO,ERAGIL,CALIBRE 3,PÊSSEGO_CALIBRE 3
179@261,FRUTAS,PÊSSEGO,ERAGIL,CALIBRE 2,PÊSSEGO_CALIBRE 2
182@269,FRUTAS,PÊSSEGO,IMP.,48 A 56 FRUTOS,PÊSSEGO_48 A 56 FRUTOS
159@269,FRUTAS,PÊSSEGO,IMP. ARGENTINA,48 A 56 FRUTOS,PÊSSEGO_48 A 56 FRUTOS
160@269,FRUTAS,PÊSSEGO,IMP. CHILE,48 A 56 FRUTOS,PÊSSEGO_48 A 56 FRUTOS
207@,FRUTAS,PHYSALIS,,,
208@883,FRUTAS,PINHA,,07 A 09 FRUTOS,PINHA_07 A 09 FRUTOS
208@891,FRUTAS,PINHA,,10 A 12 FRUTOS,PINHA_10 A 12 FRUTOS
208@899,FRUTAS,PINHA,,13 A 15 FRUTOS,PINHA_13 A 15 FRUTOS
209@,FRUTAS,PITAIA,,,
215@,FRUTAS,ROMÃ,,,
217@,FRUTAS,SERIGUELA,,,
218@,FRUTAS,TÂMARA,IMP.,,
219@,FRUTAS,TAMARILLO,,,
223@1069,FRUTAS,TANGERINA,MURCOTE,03 A 04 DZ,TANGERINA_03 A 04 DZ
223@1075,FRUTAS,TANGERINA,MURCOTE,05 A 06 DZ,TANGERINA_05 A 06 DZ
223@886,FRUTAS,TANGERINA,MURCOTE,08 A 10 DZ,TANGERINA_08 A 10 DZ
255@,FRUTAS,UVA,ARRA 15,,
242@193,FRUTAS,UVA,BENITAKA,A,UVA_A
232@193,FRUTAS,UVA,BRASIL,A,UVA_A
227@193,FRUTAS,UVA,CLARA SEM SEMENTE,A,UVA_A
227@199,FRUTAS,UVA,CLARA SEM SEMENTE,B,UVA_B
233@193,FRUTAS,UVA,CRIMSON,A,UVA_A
233@199,FRUTAS,UVA,CRIMSON,B,UVA_B
256@,FRUTAS,UVA,ISIS,,
243@193,FRUTAS,UVA,ITÁLIA,A,UVA_A
274@,FRUTAS,UVA,MELODIA,,
235@,FRUTAS,UVA,MOSCATO,,
236@193,FRUTAS,UVA,NIÁGARA,A,UVA_A
236@199,FRUTAS,UVA,NIÁGARA,B,UVA_B
245@,FRUTAS,UVA,PASSA SECA IMP.,,
257@,FRUTAS,UVA,PRETA COM SEMENTE,,
244@193,FRUTAS,UVA,RED GLOBE,A,UVA_A
244@199,FRUTAS,UVA,RED GLOBE,B,UVA_B
240@193,FRUTAS,UVA,THOMPSON,A,UVA_A
240@199,FRUTAS,UVA,THOMPSON,B,UVA_B
237@193,FRUTAS,UVA,VITÓRIA,A,UVA_A
237@199,FRUTAS,UVA,VITÓRIA,B,UVA_B
400@,LEGUMES,ABÓBORA,DÁGUA,,
401@,LEGUMES,ABÓBORA,JAPONESA,,
402@,LEGUMES,ABÓBORA,MORANGA,,
403@,LEGUMES,ABÓBORA,PAULISTA,,
404@,LEGUMES,ABÓBORA,SECA,,
405@874,LEGUMES,ABOBRINHA,BRASILEIRA,3A,ABOBRINHA_3A
405@873,LEGUMES,ABOBRINHA,BRASILEIRA,2A,ABOBRINHA_2A
405@872,LEGUMES,ABOBRINHA,BRASILEIRA,1A,ABOBRINHA_1A
406@874,LEGUMES,ABOBRINHA,ITALIANA,3A,ABOBRINHA_3A
406@873,LEGUMES,ABOBRINHA,ITALIANA,2A,ABOBRINHA_2A
406@872,LEGUMES,ABOBRINHA,ITALIANA,1A,ABOBRINHA_1A
409@873,LEGUMES,BATATA-DOCE,BRANCA,2A,BATATA-DOCE_2A
409@872,LEGUMES,BATATA-DOCE,BRANCA,1A,BATATA-DOCE_1A
409@1014,LEGUMES,BATATA-DOCE,BRANCA,G,BATATA-DOCE_G
410@873,LEGUMES,BATATA-DOCE,ROSADA,2A,BATATA-DOCE_2A
410@872,LEGUMES,BATATA-DOCE,ROSADA,1A,BATATA-DOCE_1A
410@1014,LEGUMES,BATATA-DOCE,ROSADA,G,BATATA-DOCE_G
411@873,LEGUMES,BATATA-DOCE,ROXA,2A,BATATA-DOCE_2A
411@872,LEGUMES,BATATA-DOCE,ROXA,1A,BATATA-DOCE_1A
411@1014,LEGUMES,BATATA-DOCE,ROXA,G,BATATA-DOCE_G
413@874,LEGUMES,BERINJELA,COMUM,3A,BERINJELA_3A
413@873,LEGUMES,BERINJELA,COMUM,2A,BERINJELA_2A
413@872,LEGUMES,BERINJELA,COMUM,1A,BERINJELA_1A
415@874,LEGUMES,BERINJELA,JAPONESA,3A,BERINJELA_3A
415@873,LEGUMES,BERINJELA,JAPONESA,2A,BERINJELA_2A
415@872,LEGUMES,BERINJELA,JAPONESA,1A,BERINJELA_1A
414@1017,LEGUMES,BERINJELA,PARA CONSERVA,P,BERINJELA_P
414@1018,LEGUMES,BERINJELA,PARA CONSERVA,M,BERINJELA_M
416@121,LEGUMES,BETERRABA,,ESPECIAL,BETERRABA_ESPECIAL
416@874,LEGUMES,BETERRABA,,3A,BETERRABA_3A
416@873,LEGUMES,BETERRABA,,2A,BETERRABA_2A
416@1014,LEGUMES,BETERRABA,,G,BETERRABA_G
418@873,LEGUMES,CARÁ,,2A,CARÁ_2A
418@1014,LEGUMES,CARÁ,,G,CARÁ_G
420@121,LEGUMES,CENOURA,,ESPECIAL,CENOURA_ESPECIAL
420@874,LEGUMES,CENOURA,,3A,CENOURA_3A
420@873,LEGUMES,CENOURA,,2A,CENOURA_2A
420@1014,LEGUMES,CENOURA,,G,CENOURA_G
422@874,LEGUMES,CHUCHU,,3A,CHUCHU_3A
422@873,LEGUMES,CHUCHU,,2A,CHUCHU_2A
422@872,LEGUMES,CHUCHU,,1A,CHUCHU_1A
432@874,LEGUMES,ERVILHA,TORTA,3A,ERVILHA_3A
432@873,LEGUMES,ERVILHA,TORTA,2A,ERVILHA_2A
432@872,LEGUMES,ERVILHA,TORTA,1A,ERVILHA_1A
436@193,LEGUMES,GENGIBRE,,A,GENGIBRE_A
437@874,LEGUMES,INHAME,,3A,INHAME_3A
437@873,LEGUMES,INHAME,,2A,INHAME_2A
437@872,LEGUMES,INHAME,,1A,INHAME_1A
438@874,LEGUMES,JILÓ,,3A,JILÓ_3A
438@873,LEGUMES,JILÓ,,2A,JILÓ_2A
438@872,LEGUMES,JILÓ,,1A,JILÓ_1A
440@163,LEGUMES,MANDIOCA,,GRAÚDA,MANDIOCA_GRAÚDA
440@169,LEGUMES,MANDIOCA,,MÉDIA,MANDIOCA_MÉDIA
440@175,LEGUMES,MANDIOCA,,MIÚDA,MANDIOCA_MIÚDA
441@121,LEGUMES,MANDIOQUINHA,,ESPECIAL,MANDIOQUINHA_ESPECIAL
441@874,LEGUMES,MANDIOQUINHA,,3A,MANDIOQUINHA_3A
441@873,LEGUMES,MANDIOQUINHA,,2A,MANDIOQUINHA_2A
441@872,LEGUMES,MANDIOQUINHA,,1A,MANDIOQUINHA_1A
442@,LEGUMES,MAXIXE,,,
443@,LEGUMES,NIGAGORI,,,
445@874,LEGUMES,PEPINO,CAIPIRA,3A,PEPINO_3A
445@873,LEGUMES,PEPINO,CAIPIRA,2A,PEPINO_2A
445@872,LEGUMES,PEPINO,CAIPIRA,1A,PEPINO_1A
446@874,LEGUMES,PEPINO,COMUM,3A,PEPINO_3A
446@873,LEGUMES,PEPINO,COMUM,2A,PEPINO_2A
446@872,LEGUMES,PEPINO,COMUM,1A,PEPINO_1A
448@874,LEGUMES,PEPINO,JAPONÊS,3A,PEPINO_3A
448@873,LEGUMES,PEPINO,JAPONÊS,2A,PEPINO_2A
448@872,LEGUMES,PEPINO,JAPONÊS,1A,PEPINO_1A
447@874,LEGUMES,PEPINO,PARA CONSERVA,3A,PEPINO_3A
449@873,LEGUMES,PIMENTA,CAMBUCI,2A,PIMENTA_2A
449@872,LEGUMES,PIMENTA,CAMBUCI,1A,PIMENTA_1A
477@,LEGUMES,PIMENTA,DEDO DE MOÇA,,
478@,LEGUMES,PIMENTA,MALAGUETA/MALAGUETÃO,,
451@874,LEGUMES,PIMENTA,VERDE AMERICANA,3A,PIMENTA_3A
451@873,LEGUMES,PIMENTA,VERDE AMERICANA,2A,PIMENTA_2A
451@872,LEGUMES,PIMENTA,VERDE AMERICANA,1A,PIMENTA_1A
453@874,LEGUMES,PIMENTÃO,AMARELO,3A,PIMENTÃO_3A
453@873,LEGUMES,PIMENTÃO,AMARELO,2A,PIMENTÃO_2A
453@872,LEGUMES,PIMENTÃO,AMARELO,1A,PIMENTÃO_1A
454@874,LEGUMES,PIMENTÃO,VERDE,3A,PIMENTÃO_3A
454@873,LEGUMES,PIMENTÃO,VERDE,2A,PIMENTÃO_2A
454@872,LEGUMES,PIMENTÃO,VERDE,1A,PIMENTÃO_1A
455@874,LEGUMES,PIMENTÃO,VERMELHO,3A,PIMENTÃO_3A
455@873,LEGUMES,PIMENTÃO,VERMELHO,2A,PIMENTÃO_2A
455@872,LEGUMES,PIMENTÃO,VERMELHO,1A,PIMENTÃO_1A
456@874,LEGUMES,QUIABO,,3A,QUIABO_3A
456@873,LEGUMES,QUIABO,,2A,QUIABO_2A
456@872,LEGUMES,QUIABO,,1A,QUIABO_1A
458@994,LEGUMES,TOMATE,CAQUI,TIPO 4/7,TOMATE_TIPO 4/7
458@1076,LEGUMES,TOMATE,CAQUI,TIPO 8/11,TOMATE_TIPO 8/11
472@874,LEGUMES,TOMATE,CARMEM,3A,TOMATE_3A
472@873,LEGUMES,TOMATE,CARMEM,2A,TOMATE_2A
472@872,LEGUMES,TOMATE,CARMEM,1A,TOMATE_1A
459@,LEGUMES,TOMATE,CEREJA,,
471@874,LEGUMES,TOMATE,DÉBORA,3A,TOMATE_3A
471@873,LEGUMES,TOMATE,DÉBORA,2A,TOMATE_2A
471@872,LEGUMES,TOMATE,DÉBORA,1A,TOMATE_1A
474@874,LEGUMES,TOMATE,HOLANDÊS,3A,TOMATE_3A
474@873,LEGUMES,TOMATE,HOLANDÊS,2A,TOMATE_2A
474@872,LEGUMES,TOMATE,HOLANDÊS,1A,TOMATE_1A
473@874,LEGUMES,TOMATE,PIZZADORO,3A,TOMATE_3A
473@873,LEGUMES,TOMATE,PIZZADORO,2A,TOMATE_2A
473@872,LEGUMES,TOMATE,PIZZADORO,1A,TOMATE_1A
467@,LEGUMES,TOMATE,SWEET GRAPE,,
462@874,LEGUMES,VAGEM,MACARRÃO,3A,VAGEM_3A
462@873,LEGUMES,VAGEM,MACARRÃO,2A,VAGEM_2A
462@872,LEGUMES,VAGEM,MACARRÃO,1A,VAGEM_1A
463@874,LEGUMES,VAGEM,MANTEIGA,3A,VAGEM_3A
463@873,LEGUMES,VAGEM,MANTEIGA,2A,VAGEM_2A
463@872,LEGUMES,VAGEM,MANTEIGA,1A,VAGEM_1A
464@874,LEGUMES,VAGEM,METRO,3A,VAGEM_3A
464@873,LEGUMES,VAGEM,METRO,2A,VAGEM_2A
412@874,LEGUMES,YACON,,3A,YACON_3A
412@873,LEGUMES,YACON,,2A,YACON_2A
600@600,VERDURAS,ACELGA,,08 CABEÇAS,ACELGA_08 CABEÇAS
601@,VERDURAS,ACELGA,CHINESA,,
602@631,VERDURAS,AGRIÃO,COMUM,20 MAÇOS,AGRIÃO_20 MAÇOS
603@603,VERDURAS,AGRIÃO,HIDROPÔNICO,15 MAÇOS,AGRIÃO_15 MAÇOS
604@,VERDURAS,ALECRIM,,,
605@1013,VERDURAS,ALFACE,AMERICANA,12 UNIDADES,ALFACE_12 UNIDADES
606@1015,VERDURAS,ALFACE,CRESPA,18 UNIDADES,ALFACE_18 UNIDADES
607@957,VERDURAS,ALFACE,CRESPA HIDROPÔNICA,20 UNIDADES,ALFACE_20 UNIDADES
608@1015,VERDURAS,ALFACE,LISA,18 UNIDADES,ALFACE_18 UNIDADES
608@1016,VERDURAS,ALFACE,LISA,24 UNIDADES,ALFACE_24 UNIDADES
609@957,VERDURAS,ALFACE,LISA HIDROPÔNICA,20 UNIDADES,ALFACE_20 UNIDADES
610@1015,VERDURAS,ALFACE,MIMOSA,18 UNIDADES,ALFACE_18 UNIDADES
610@1016,VERDURAS,ALFACE,MIMOSA,24 UNIDADES,ALFACE_24 UNIDADES
611@957,VERDURAS,ALFACE,MIMOSA HIDROPÔNICA,20 UNIDADES,ALFACE_20 UNIDADES
612@1016,VERDURAS,ALFACE,ROMANA,24 UNIDADES,ALFACE_24 UNIDADES
613@,VERDURAS,ALFAVACA,,,
614@1082,VERDURAS,ALHO-PORRO,,TIPO A 4 MAÇOS,ALHO-PORRO_TIPO A 4 MAÇOS
614@1083,VERDURAS,ALHO-PORRO,,TIPO B 4 MAÇOS,ALHO-PORRO_TIPO B 4 MAÇOS
615@1013,VERDURAS,ALMEIRÃO,COMUM,12 UNIDADES,ALMEIRÃO_12 UNIDADES
671@,VERDURAS,ALMEIRÃO,HIDROPÔNICO,,
616@1013,VERDURAS,ALMEIRÃO,PÃO DE AÇÚCAR,12 UNIDADES,ALMEIRÃO_12 UNIDADES
618@,VERDURAS,ASPARGO,,,
619@619,VERDURAS,BETERRABA COM FOLHAS,,08 MAÇOS,BETERRABA COM FOLHAS_08 MAÇOS
621@600,VERDURAS,BRÓCOLOS,NINJA,08 CABEÇAS,BRÓCOLOS_08 CABEÇAS
622@616,VERDURAS,BRÓCOLOS,RAMOSO,12 MAÇOS,BRÓCOLOS_12 MAÇOS
623@,VERDURAS,BROTO DE ALFAFA,,,
667@,VERDURAS,CAPIM-CIDREIRA,,,
624@616,VERDURAS,CATALONHA,,12 MAÇOS,CATALONHA_12 MAÇOS
625@,VERDURAS,CEBOLETE,,,
626@1096,VERDURAS,CEBOLINHA,,TIPO A 10 MAÇOS,CEBOLINHA_TIPO A 10 MAÇOS
626@1097,VERDURAS,CEBOLINHA,,TIPO B 10 MAÇOS,CEBOLINHA_TIPO B 10 MAÇOS
629@1015,VERDURAS,CHICÓRIA,,18 UNIDADES,CHICÓRIA_18 UNIDADES
630@1086,VERDURAS,COENTRO,,TIPO A 20 MAÇOS,COENTRO_TIPO A 20 MAÇOS
630@1087,VERDURAS,COENTRO,,TIPO B 20 MAÇOS,COENTRO_TIPO B 20 MAÇOS
423@,VERDURAS,COGUMELO,ERYNGUI,,
424@,VERDURAS,COGUMELO,HIRATAKE,,
427@,VERDURAS,COGUMELO,PARIS,,
428@,VERDURAS,COGUMELO,PORTOBELO,,
429@,VERDURAS,COGUMELO,SHIMEJI,,
430@,VERDURAS,COGUMELO,SHITAKE,,
632@923,VERDURAS,COUVE,MANTEIGA,A (24 MÇS),COUVE_A (24 MÇS)
632@926,VERDURAS,COUVE,MANTEIGA,B (24 MÇS),COUVE_B (24 MÇS)
631@,VERDURAS,COUVE-DE-BRUXELAS,,,
633@600,VERDURAS,COUVE-FLOR,,08 CABEÇAS,COUVE-FLOR_08 CABEÇAS
633@897,VERDURAS,COUVE-FLOR,,12 CABEÇAS,COUVE-FLOR_12 CABEÇAS
634@,VERDURAS,ENDÍVIA,,,
635@,VERDURAS,ENDRO,,,
637@1090,VERDURAS,ERVA-DOCE,,TIPO A 12 CABEÇAS,ERVA-DOCE_TIPO A 12 CABEÇAS
637@1091,VERDURAS,ERVA-DOCE,,TIPO B 12 CABEÇAS,ERVA-DOCE_TIPO B 12 CABEÇAS
636@1015,VERDURAS,ESCAROLA,COMUM,18 UNIDADES,ESCAROLA_18 UNIDADES
636@1016,VERDURAS,ESCAROLA,COMUM,24 UNIDADES,ESCAROLA_24 UNIDADES
638@1013,VERDURAS,ESPINAFRE,,12 UNIDADES,ESPINAFRE_12 UNIDADES
638@638,VERDURAS,ESPINAFRE,,15 UNIDADES,ESPINAFRE_15 UNIDADES
620@,VERDURAS,ESPINAFRE,HIDROPÔNICO,,
639@,VERDURAS,ESTRAGÃO,,,
641@662,VERDURAS,GENGIBRE COM FOLHAS,,06 MAÇOS,GENGIBRE COM FOLHAS_06 MAÇOS
642@,VERDURAS,GOBÔ,,,
644@1031,VERDURAS,HORTELÃ,,MAÇO A,HORTELÃ_MAÇO A
645@,VERDURAS,LOURO,,,
646@,VERDURAS,MANJERICÃO,,,
647@,VERDURAS,MANJERONA,,,
648@193,VERDURAS,MILHO VERDE,,A,MILHO VERDE_A
648@199,VERDURAS,MILHO VERDE,,B,MILHO VERDE_B
648@1098,VERDURAS,MILHO VERDE,,BANDEJA,MILHO VERDE_BANDEJA
650@616,VERDURAS,MOSTARDA,COMUM,12 MAÇOS,MOSTARDA_12 MAÇOS
670@1015,VERDURAS,MOSTARDA,HIDROPÔNICA,18 UNIDADES,MOSTARDA_18 UNIDADES
651@,VERDURAS,MOYASHI,,,
652@993,VERDURAS,NABO,,TIPO 4 (MÇS COM 6),NABO_TIPO 4 (MÇS COM 6)
652@997,VERDURAS,NABO,,TIPO 6 (MÇS COM 6),NABO_TIPO 6 (MÇS COM 6)
653@,VERDURAS,ORÉGANO,,,
655@,VERDURAS,PALMITO,,,
656@1086,VERDURAS,RABANETE,,TIPO A 20 MAÇOS,RABANETE_TIPO A 20 MAÇOS
656@1093,VERDURAS,RABANETE,,TIPO B 24 MAÇOS,RABANETE_TIPO B 24 MAÇOS
657@,VERDURAS,RADICCHIO,,,
659@1268,VERDURAS,REPOLHO,LISO,12/14 CABEÇAS,REPOLHO_12/14 CABEÇAS
658@1268,VERDURAS,REPOLHO,ROXO,12/14 CABEÇAS,REPOLHO_12/14 CABEÇAS
661@,VERDURAS,RÚCULA,HIDROPÔNICA,,
662@662,VERDURAS,SALSA,,06 MAÇOS,SALSA_06 MAÇOS
663@1090,VERDURAS,SALSÃO,BRANCO/VERDE,TIPO A 12 CABEÇAS,SALSÃO_TIPO A 12 CABEÇAS
663@1091,VERDURAS,SALSÃO,BRANCO/VERDE,TIPO B 12 CABEÇAS,SALSÃO_TIPO B 12 CABEÇAS
665@,VERDURAS,SÁLVIA,,,
666@,VERDURAS,TOMILHO,,,
816@,DIVERSOS,ALHO,DESCASCADO,,
801@439,DIVERSOS,ALHO,IMP. ARGENTINA,TIPO 7,ALHO_TIPO 7
801@438,DIVERSOS,ALHO,IMP. ARGENTINA,TIPO 6,ALHO_TIPO 6
801@437,DIVERSOS,ALHO,IMP. ARGENTINA,TIPO 5,ALHO_TIPO 5
808@848,DIVERSOS,ALHO,NACIONAL,TIPO 8,ALHO_TIPO 8
808@439,DIVERSOS,ALHO,NACIONAL,TIPO 7,ALHO_TIPO 7
808@438,DIVERSOS,ALHO,NACIONAL,TIPO 6,ALHO_TIPO 6
808@437,DIVERSOS,ALHO,NACIONAL,TIPO 5,ALHO_TIPO 5
809@,DIVERSOS,AMENDOIM,COM PELE,,
810@,DIVERSOS,AMENDOIM,SEM PELE,,
846@,DIVERSOS,BATATA,ASTERIX,,
847@847,DIVERSOS,BATATA,ESCOVADA,NOIVA,BATATA_NOIVA
847@121,DIVERSOS,BATATA,ESCOVADA,ESPECIAL,BATATA_ESPECIAL
848@847,DIVERSOS,BATATA,LAVADA,NOIVA,BATATA_NOIVA
848@121,DIVERSOS,BATATA,LAVADA,ESPECIAL,BATATA_ESPECIAL
848@4,DIVERSOS,BATATA,LAVADA,2A. BOLINHA,BATATA_2A. BOLINHA
848@2,DIVERSOS,BATATA,LAVADA,FLORÃO,BATATA_FLORÃO
848@5,DIVERSOS,BATATA,LAVADA,1A. ESPECIALZINHA,BATATA_1A. ESPECIALZINHA
848@3,DIVERSOS,BATATA,LAVADA,BONECA,BATATA_BONECA
818@1028,DIVERSOS,CEBOLA,IMP. ARGENTINA,CAIXA 4,CEBOLA_CAIXA 4
820@1027,DIVERSOS,CEBOLA,NACIONAL,CAIXA 3,CEBOLA_CAIXA 3
820@1028,DIVERSOS,CEBOLA,NACIONAL,CAIXA 4,CEBOLA_CAIXA 4
820@1029,DIVERSOS,CEBOLA,NACIONAL,CAIXA 2,CEBOLA_CAIXA 2
843@1027,DIVERSOS,CEBOLA,ROXA,CAIXA 3,CEBOLA_CAIXA 3
843@1028,DIVERSOS,CEBOLA,ROXA,CAIXA 4,CEBOLA_CAIXA 4
843@1029,DIVERSOS,CEBOLA,ROXA,CAIXA 2,CEBOLA_CAIXA 2
831@,DIVERSOS,COCO SECO,,,
834@200,DIVERSOS,OVOS,BRANCOS,JUMBO,OVOS_JUMBO
834@115,DIVERSOS,OVOS,BRANCOS,EXTRA,OVOS_EXTRA
834@157,DIVERSOS,OVOS,BRANCOS,GRANDE,OVOS_GRANDE
834@187,DIVERSOS,OVOS,BRANCOS,PEQUENO,OVOS_PEQUENO
844@115,DIVERSOS,OVOS,BRANCOS EMBALADOS,EXTRA,OVOS_EXTRA
844@157,DIVERSOS,OVOS,BRANCOS EMBALADOS,GRANDE,OVOS_GRANDE
835@,DIVERSOS,OVOS,CODORNA,,
836@115,DIVERSOS,OVOS,VERMELHOS,EXTRA,OVOS_EXTRA
906@,FLORES,ALSTROMÉRIA,,,
903@,FLORES,ANGÉLICA,,,
904@,FLORES,ANTÚRIO,VASO,,
924@,FLORES,AVENCA,,,
907@,FLORES,AZALÉA,,,
985@,FLORES,BEGÔNIA,,,
908@,FLORES,BICO-DE-PAPAGAIO,,,
909@,FLORES,BOCA-DE-LEÃO,,,
984@,FLORES,BROMÉLIA,,,
915@,FLORES,CRAVINA,,,
917@,FLORES,CRAVO,COMUM,,
919@,FLORES,CRISÂNTEMO,PCT,,
930@,FLORES,CRISÂNTEMO,POLARES B. BELGA VS,,
920@,FLORES,CRISÂNTEMO,VASO,,
931@,FLORES,CRISTA-DE-GALO,,,
933@,FLORES,DÁLIA,MÇ,,
935@,FLORES,DRACENA,,,
983@211,FLORES,ESTRELÍCIA,,CABO LONGO,ESTRELÍCIA_CABO LONGO
941@,FLORES,EUCALIPTO,SIMÉRIA,,
901@,FLORES,FLOR DE ASPARGO,,,
943@,FLORES,FLOR DE TRIGO,,,
947@,FLORES,GÉRBERA,PCT,,
948@,FLORES,GIRASSOL,,,
952@,FLORES,GRAMA,,,
953@,FLORES,GYPSÓFILA,,,
936@,FLORES,HELICÔNIA,,,
991@,FLORES,HORTÊNSIA,MAÇO,,
956@,FLORES,KALANCHOE,,,
957@,FLORES,LÍRIO,PCT,,
989@211,FLORES,LISIANTHUS,,CABO LONGO,LISIANTHUS_CABO LONGO
989@217,FLORES,LISIANTHUS,,CABO MÉDIO,LISIANTHUS_CABO MÉDIO
998@,FLORES,MINI ROSA,,,
988@,FLORES,MOREIA,,,
967@,FLORES,ORQUÍDEA,VS,,
1007@,FLORES,PALMEIRA,PCT,,
971@,FLORES,PRÍMULA,,,
972@,FLORES,RAINHA MARGARIDA (ASTER),,,
974@211,FLORES,ROSA,,CABO LONGO,ROSA_CABO LONGO
974@217,FLORES,ROSA,,CABO MÉDIO,ROSA_CABO MÉDIO
974@223,FLORES,ROSA,,CABO CURTO,ROSA_CABO CURTO
1005@,FLORES,ROSA SPRAY,,,
1004@,FLORES,SUCULENTA,,,
992@,FLORES,TANGO,,,
1010@,FLORES,TUIA,PCT,,
980@,FLORES,VIOLETA,15 VS,,
1117@,PESCADOS,BETARA,,,
1137@1014,PESCADOS,CAMARÃO,CATIVEIRO,G,CAMARÃO_G
1137@1018,PESCADOS,CAMARÃO,CATIVEIRO,M,CAMARÃO_M
1137@1017,PESCADOS,CAMARÃO,CATIVEIRO,P,CAMARÃO_P
1139@1014,PESCADOS,CAMARÃO,ROSA,G,CAMARÃO_G
1139@1018,PESCADOS,CAMARÃO,ROSA,M,CAMARÃO_M
1139@1017,PESCADOS,CAMARÃO,ROSA,P,CAMARÃO_P
1162@1014,PESCADOS,CORVINA,ÁGUA SALGADA,G,CORVINA_G
1162@1018,PESCADOS,CORVINA,ÁGUA SALGADA,M,CORVINA_M
1162@1017,PESCADOS,CORVINA,ÁGUA SALGADA,P,CORVINA_P
1167@,PESCADOS,FILE DE TILAPIA,,,
1171@,PESCADOS,GALO,,,
1185@1014,PESCADOS,LULA,,G,LULA_G
1185@1018,PESCADOS,LULA,,M,LULA_M
1185@1017,PESCADOS,LULA,,P,LULA_P
1189@,PESCADOS,MANJUBA,,,
1198@,PESCADOS,MISTURA DE PEIXES,,,
1120@,PESCADOS,PEIXE-CABRA,,,
1212@,PESCADOS,PEROA (PORQUINHO),,,
1217@1014,PESCADOS,PESCADA,GOETE,G,PESCADA_G
1217@1018,PESCADOS,PESCADA,GOETE,M,PESCADA_M
1217@1017,PESCADOS,PESCADA,GOETE,P,PESCADA_P
1223@1014,PESCADOS,PESCADA,MARIA-MOLE,G,PESCADA_G
1223@1018,PESCADOS,PESCADA,MARIA-MOLE,M,PESCADA_M
1223@1017,PESCADOS,PESCADA,MARIA-MOLE,P,PESCADA_P
1258@1014,PESCADOS,TAINHA,,G,TAINHA_G
1258@1018,PESCADOS,TAINHA,,M,TAINHA_M
1258@1017,PESCADOS,TAINHA,,P,TAINHA_P
1253@,PESCADOS,TAMBAQUI,,,
1260@,PESCADOS,TILÁPIA,,,
1263@,PESCADOS,TRILHA,,,
1264@,PESCADOS,TRUTA,,,
2@928,FRUTAS,ABACATE,BREDA,BOCA 08 A 11,ABACATE_BOCA 08 A 11
2@444,FRUTAS,ABACATE,BREDA,BOCA 12 A 15,ABACATE_BOCA 12 A 15
7@928,FRUTAS,ABACATE,MARGARIDA,BOCA 08 A 11,ABACATE_BOCA 08 A 11
7@444,FRUTAS,ABACATE,MARGARIDA,BOCA 12 A 15,ABACATE_BOCA 12 A 15
22@,FRUTAS,AMEIXA,ESPANHOLA IMPORTADA,,
27@349,FRUTAS,AMEIXA,FLA,CALIBRE 4,AMEIXA_CALIBRE 4
27@262,FRUTAS,AMEIXA,FLA,CALIBRE 3,AMEIXA_CALIBRE 3
27@261,FRUTAS,AMEIXA,FLA,CALIBRE 2,AMEIXA_CALIBRE 2
36@,FRUTAS,AMEIXA,SECA IMPORTADA,,
37@,FRUTAS,AMÊNDOA,IMPORTADA,,
42@247,FRUTAS,BANANA,MAÇÃ,SEGUNDA,BANANA_SEGUNDA
265@,FRUTAS,CACAU,,,
52@,FRUTAS,CUPUAÇU,,,
79@,FRUTAS,GRANADILLA,,,
86@,FRUTAS,JAMBO,,,
267@267,FRUTAS,KIWI,CHILENO IMPORTADO,60 A 80 FRUTOS,KIWI_60 A 80 FRUTOS
271@272,FRUTAS,KIWI,GOLD NZL IMPORTADO,44 A 48 FRUTOS,KIWI_44 A 48 FRUTOS
92@89,FRUTAS,KIWI,GREEN NZL IMPORTADO,65 A 78 FRUTOS,KIWI_65 A 78 FRUTOS
90@,FRUTAS,KIWI,IMPORTADO,,
93@,FRUTAS,LARANJA,BAIA IMPORTADA,,
102@,FRUTAS,LIMÃO,SICILIANO IMPORTADO,,
108@107,FRUTAS,MAÇÃ,GALA IMPORTADA,80 A 110 FRUTOS,MAÇÃ_80 A 110 FRUTOS
108@165,FRUTAS,MAÇÃ,GALA IMPORTADA,120 A 150 FRUTOS,MAÇÃ_120 A 150 FRUTOS
110@107,FRUTAS,MAÇÃ,GRANNY SMITH IMPORTADA,80 A 110 FRUTOS,MAÇÃ_80 A 110 FRUTOS
110@165,FRUTAS,MAÇÃ,GRANNY SMITH IMPORTADA,120 A 150 FRUTOS,MAÇÃ_120 A 150 FRUTOS
252@,FRUTAS,MAÇÃ,PINK LADY IMPORTADA,,
111@107,FRUTAS,MAÇÃ,RED IMPORTADA,80 A 110 FRUTOS,MAÇÃ_80 A 110 FRUTOS
111@165,FRUTAS,MAÇÃ,RED IMPORTADA,120 A 150 FRUTOS,MAÇÃ_120 A 150 FRUTOS
125@193,FRUTAS,MANGA,ESPADA,A,MANGA_A
277@,FRUTAS,MANGA,LOLITA,,
130@199,FRUTAS,MANGA,ROSA,B,MANGA_B
130@205,FRUTAS,MANGA,ROSA,C,MANGA_C
149@403,FRUTAS,MORANGO,COMUM,4 CUMB/ 1 CAM,MORANGO_4 CUMB/ 1 CAM
161@1065,FRUTAS,NECTARINA,,4A POR CALIBRE,NECTARINA_4A POR CALIBRE
156@269,FRUTAS,NECTARINA,ESPANHOLA IMPORTADA,48 A 56 FRUTOS,NECTARINA_48 A 56 FRUTOS
162@1045,FRUTAS,NÊSPERA,,CUMBUCA,NÊSPERA_CUMBUCA
163@,FRUTAS,NOZES,IMPORTADA,,
165@107,FRUTAS,PERA,DANJOU IMPORTADA,80 A 110 FRUTOS,PERA_80 A 110 FRUTOS
165@165,FRUTAS,PERA,DANJOU IMPORTADA,120 A 150 FRUTOS,PERA_120 A 150 FRUTOS
254@,FRUTAS,PERA,ERCOLINI IMPORTADA,,
253@,FRUTAS,PERA,FORELLI IMPORTADA,,
166@,FRUTAS,PERA,HOSUI IMPORTADA,,
167@116,FRUTAS,PERA,PACKHAMS TRUMPH IMPORTADA,80 A 100 FRUTOS,PERA_80 A 100 FRUTOS
167@165,FRUTAS,PERA,PACKHAMS TRUMPH IMPORTADA,120 A 150 FRUTOS,PERA_120 A 150 FRUTOS
168@168,FRUTAS,PERA,ROCHA IMPORTADA,50 A 60 FRUTOS,PERA_50 A 60 FRUTOS
168@925,FRUTAS,PERA,ROCHA IMPORTADA,A GRANEL,PERA_A GRANEL
170@116,FRUTAS,PERA,WILLIAMS IMPORTADA,80 A 100 FRUTOS,PERA_80 A 100 FRUTOS
170@165,FRUTAS,PERA,WILLIAMS IMPORTADA,120 A 150 FRUTOS,PERA_120 A 150 FRUTOS
177@269,FRUTAS,PÊSSEGO,ESPANHOL IMPORTADO,48 A 56 FRUTOS,PÊSSEGO_48 A 56 FRUTOS
194@349,FRUTAS,PÊSSEGO,KAMPAI,CALIBRE 4,PÊSSEGO_CALIBRE 4
206@349,FRUTAS,PÊSSEGO,RUBIMEL,CALIBRE 4,PÊSSEGO_CALIBRE 4
204@349,FRUTAS,PÊSSEGO,TROPIC BEAUTY,CALIBRE 4,PÊSSEGO_CALIBRE 4
204@262,FRUTAS,PÊSSEGO,TROPIC BEAUTY,CALIBRE 3,PÊSSEGO_CALIBRE 3
204@261,FRUTAS,PÊSSEGO,TROPIC BEAUTY,CALIBRE 2,PÊSSEGO_CALIBRE 2
213@,FRUTAS,QUINCAM,,,
216@,FRUTAS,SAPOTI,,,
218@,FRUTAS,TÂMARA,IMPORTADA,,
220@,FRUTAS,TAMARINDO,,,
222@144,FRUTAS,TANGERINA,DECOPOM,07 A 08 FRUTOS,TANGERINA_07 A 08 FRUTOS
222@222,FRUTAS,TANGERINA,DECOPOM,09 A 10 FRUTOS,TANGERINA_09 A 10 FRUTOS
222@221,FRUTAS,TANGERINA,DECOPOM,11 A 12 FRUTOS,TANGERINA_11 A 12 FRUTOS
258@,FRUTAS,TANGERINA,IMPORTADA,,
174@1069,FRUTAS,TANGERINA,OLE,03 A 04 DZ,TANGERINA_03 A 04 DZ
174@1075,FRUTAS,TANGERINA,OLE,05 A 06 DZ,TANGERINA_05 A 06 DZ
174@886,FRUTAS,TANGERINA,OLE,08 A 10 DZ,TANGERINA_08 A 10 DZ
224@1077,FRUTAS,TANGERINA,PONCÃ,02 A 04 DZ,TANGERINA_02 A 04 DZ
224@1078,FRUTAS,TANGERINA,PONCÃ,05 A 07 DZ,TANGERINA_05 A 07 DZ
224@886,FRUTAS,TANGERINA,PONCÃ,08 A 10 DZ,TANGERINA_08 A 10 DZ
234@,FRUTAS,UVA,ISABEL,,
245@,FRUTAS,UVA,PASSA IMPORTADA,,
229@193,FRUTAS,UVA,RED GLOBE IMPORTADA,A,UVA_A
229@199,FRUTAS,UVA,RED GLOBE IMPORTADA,B,UVA_B
239@193,FRUTAS,UVA,RUBI,A,UVA_A
407@998,LEGUMES,ALCACHOFRA,,TIPO 7 A 12,ALCACHOFRA_TIPO 7 A 12
407@981,LEGUMES,ALCACHOFRA,,TIPO 14 A 16,ALCACHOFRA_TIPO 14 A 16
407@1012,LEGUMES,ALCACHOFRA,,TIPO 18 A 30,ALCACHOFRA_TIPO 18 A 30
476@,LEGUMES,ALCACHOFRA,PARA CONSERVA,,
435@,LEGUMES,FEIJÃO-DE-CORDA,,,
447@873,LEGUMES,PEPINO,PARA CONSERVA,2A,PEPINO_2A
450@873,LEGUMES,PIMENTA,VERDE,2A,PIMENTA_2A
457@,LEGUMES,TAQUENOCO,,,
475@874,LEGUMES,TOMATE,RASTEIRO,3A,TOMATE_3A
475@873,LEGUMES,TOMATE,RASTEIRO,2A,TOMATE_2A
475@872,LEGUMES,TOMATE,RASTEIRO,1A,TOMATE_1A
465@,LEGUMES,UME,,,
606@1016,VERDURAS,ALFACE,CRESPA,24 UNIDADES,ALFACE_24 UNIDADES
617@,VERDURAS,ARRUDA,,,
634@,VERDURAS,ENDÍVIAS,,,
660@638,VERDURAS,RÚCULA,,15 UNIDADES,RÚCULA_15 UNIDADES
803@439,DIVERSOS,ALHO,CHINES IMPORTADO,TIPO 7,ALHO_TIPO 7
809@,DIVERSOS,AMENDOIM,COM CASCA,,
810@,DIVERSOS,AMENDOIM,SEM CASCA,,
832@,DIVERSOS,MILHO DE PIPOCA,IMPORTADO,,
1102@,PESCADOS,ANCHOVAS,,,
1111@,PESCADOS,BAGRE,ÁGUA SALGADA,,
1156@,PESCADOS,CHIOVA,,,
1168@1014,PESCADOS,ESPADA,,G,ESPADA_G
1168@1018,PESCADOS,ESPADA,,M,ESPADA_M
1168@1017,PESCADOS,ESPADA,,P,ESPADA_P
1174@,PESCADOS,GORDINHO,,,
1183@1014,PESCADOS,LINGUADO,,G,LINGUADO_G
1183@1018,PESCADOS,LINGUADO,,M,LINGUADO_M
1183@1017,PESCADOS,LINGUADO,,P,LINGUADO_P
1213@,PESCADOS,PESCADA,AMARELA,,
1214@,PESCADOS,PESCADA,BICUDA,,
1215@1014,PESCADOS,PESCADA,BRANCA,G,PESCADA_G
1215@1018,PESCADOS,PESCADA,BRANCA,M,PESCADA_M
1215@1017,PESCADOS,PESCADA,BRANCA,P,PESCADA_P
1239@,PESCADOS,ROBALO,,,
1248@,PESCADOS,SARDINHA,FRESCA,,
1262@,PESCADOS,TRAÍRA,,,
1268@,PESCADOS,XARÉU,,,
9@441,FRUTAS,ABACATE,OURO VERDE,A BOCA 8 A 10,ABACATE_A BOCA 8 A 10
9@442,FRUTAS,ABACATE,OURO VERDE,B BOCA 11 E 12,ABACATE_B BOCA 11 E 12
11@928,FRUTAS,ABACATE,QUINTAL,BOCA 08 A 11,ABACATE_BOCA 08 A 11
11@444,FRUTAS,ABACATE,QUINTAL,BOCA 12 A 15,ABACATE_BOCA 12 A 15
123@,FRUTAS,MANGA,BOURBON,,
161@1064,FRUTAS,NECTARINA,,3A POR CALIBRE,NECTARINA_3A POR CALIBRE
161@1063,FRUTAS,NECTARINA,,2A POR CALIBRE,NECTARINA_2A POR CALIBRE
194@262,FRUTAS,PÊSSEGO,KAMPAI,CALIBRE 3,PÊSSEGO_CALIBRE 3
194@261,FRUTAS,PÊSSEGO,KAMPAI,CALIBRE 2,PÊSSEGO_CALIBRE 2
206@262,FRUTAS,PÊSSEGO,RUBIMEL,CALIBRE 3,PÊSSEGO_CALIBRE 3
206@261,FRUTAS,PÊSSEGO,RUBIMEL,CALIBRE 2,PÊSSEGO_CALIBRE 2
986@,FLORES,CICLÂMEN,,,
914@,FLORES,COPO-DE-LEITE,,,
1003@,FLORES,MINI SUCULENTA,,,
975@,FLORES,SAMAMBAIA,10,,
1008@,FLORES,TULIPA,VASO,,
1104@1014,PESCADOS,ATUM,,G,ATUM_G
1119@,PESCADOS,BONITO,,,
1128@,PESCADOS,CAÇÃO,AZUL,,
1133@,PESCADOS,CAMARÃO,SETE BARBAS,,
1145@,PESCADOS,CARANGUEJO,,,
1153@,PESCADOS,CAVALINHA,,,
1161@,PESCADOS,CORVINA,ÁGUA DOCE,,
1186@,PESCADOS,MANDI,,,
1193@,PESCADOS,MECA,,,
1198@,PESCADOS,MISTURA,ÁGUA SALGADA,,
1242@,PESCADOS,SALMÃO,IMPORTADO CHILE,,
1247@,PESCADOS,SARDINHA,CONGELADA,,
51@247,FRUTAS,BANANA,TERRA,SEGUNDA,BANANA_SEGUNDA
212@,FRUTAS,GRAPE-FRUIT,IMP.,,
90@267,FRUTAS,KIWI,IMP.,60 A 80 FRUTOS,KIWI_60 A 80 FRUTOS
399@,FRUTAS,KIWI,IMP. GRÉCIA,,
163@,FRUTAS,NOZES,IMP.,,
229@193,FRUTAS,UVA,RED GLOBE IMP.,A,UVA_A
229@199,FRUTAS,UVA,RED GLOBE IMP.,B,UVA_B
273@,FRUTAS,UVA,VERMELHA SEM SEMENTE,,
466@,LEGUMES,LENKON,,,
1204@,PESCADOS,OVEVA,,,
1216@1014,PESCADOS,PESCADA,CUMBUCU,G,PESCADA_G
1216@1018,PESCADOS,PESCADA,CUMBUCU,M,PESCADA_M
1216@1017,PESCADOS,PESCADA,CUMBUCU,P,PESCADA_P
73@193,FRUTAS,FIGO,DA ÍNDIA,A,FIGO_A
,FRUTAS,GRANADILLA,IMPORTADA COLÔMBIA,,
,FRUTAS,KIWI,CHILENO IMPORTADO,60 A 80 FRUTOS,KIWI_60 A 80 FRUTOS
,FRUTAS,KIWI,GOLD NZL IMPORTADO,44 A 48 FRUTOS,KIWI_44 A 48 FRUTOS
,FRUTAS,KIWI,GREEN NZL IMPORTADO,65 A 78 FRUTOS,KIWI_65 A 78 FRUTOS
,FRUTAS,KIWI,IMPORTADO,,
,FRUTAS,LARANJA,BAIA IMPORTADA,,
,FRUTAS,LIMÃO,SICILIANO IMPORTADO,,
,FRUTAS,MAÇÃ,FUJI IMPORTADA,80 A 110 FRUTOS,MAÇÃ_80 A 110 FRUTOS
,FRUTAS,MAÇÃ,FUJI IMPORTADA,120 A 150 FRUTOS,MAÇÃ_120 A 150 FRUTOS
,FRUTAS,MAÇÃ,GALA IMPORTADA,120 A 150 FRUTOS,MAÇÃ_120 A 150 FRUTOS
,FRUTAS,MAÇÃ,GALA IMPORTADA,80 A 110 FRUTOS,MAÇÃ_80 A 110 FRUTOS
,FRUTAS,MAÇÃ,GRANNY SMITH IMPORTADA,120 A 150 FRUTOS,MAÇÃ_120 A 150 FRUTOS
,FRUTAS,MAÇÃ,GRANNY SMITH IMPORTADA,80 A 110 FRUTOS,MAÇÃ_80 A 110 FRUTOS
,FRUTAS,MAÇÃ,PINK LADY IMPORTADA,,
,FRUTAS,MAÇÃ,RED IMPORTADA,120 A 150 FRUTOS,MAÇÃ_120 A 150 FRUTOS
,FRUTAS,MAÇÃ,RED IMPORTADA,80 A 110 FRUTOS,MAÇÃ_80 A 110 FRUTOS
,FRUTAS,NECTARINA,ESPANHOLA IMPORTADA,48 A 56 FRUTOS,NECTARINA_48 A 56 FRUTOS
,FRUTAS,PERA,DANJOU IMPORTADA,120 A 150 FRUTOS,PERA_120 A 150 FRUTOS
,FRUTAS,PERA,DANJOU IMPORTADA,80 A 110 FRUTOS,PERA_80 A 110 FRUTOS
,FRUTAS,PERA,ERCOLINI IMPORTADA,,
,FRUTAS,PERA,FORELLI IMPORTADA,,
,FRUTAS,PERA,HOSUI IMPORTADA,,
,FRUTAS,PERA,PACKHAMS TRUMPH IMPORTADA,120 A 150 FRUTOS,PERA_120 A 150 FRUTOS
,FRUTAS,PERA,PACKHAMS TRUMPH IMPORTADA,80 A 100 FRUTOS,PERA_80 A 100 FRUTOS
,FRUTAS,PERA,ROCHA IMPORTADA,A GRANEL,PERA_A GRANEL
,FRUTAS,PERA,ROCHA IMPORTADA,50 A 60 FRUTOS,PERA_50 A 60 FRUTOS
,FRUTAS,PERA,WILLIAMS IMPORTADA,120 A 150 FRUTOS,PERA_120 A 150 FRUTOS
,FRUTAS,PERA,WILLIAMS IMPORTADA,80 A 100 FRUTOS,PERA_80 A 100 FRUTOS
,FRUTAS,PÊSSEGO,ESPANHOL IMPORTADO,48 A 56 FRUTOS,PÊSSEGO_48 A 56 FRUTOS
,FRUTAS,TÂMARA,IMPORTADA,,
,FRUTAS,UVA,PASSA IMPORTADA,,
272@,FRUTAS,UVA,PRETA SEM SEMENTE,,
,FRUTAS,UVA,RED GLOBE IMPORTADA,B,UVA_B
,FRUTAS,UVA,RED GLOBE IMPORTADA,A,UVA_A
,DIVERSOS,MILHO DE PIPOCA,IMPORTADO,,
1006@181,FLORES,ANTÚRIO,PCT,MÉDIO,ANTÚRIO_MÉDIO
1000@,FLORES,CALLAS,,,
939@,FLORES,ESTATICE,,,
983@217,FLORES,ESTRELÍCIA,,CABO MÉDIO,ESTRELÍCIA_CABO MÉDIO
955@,FLORES,IMPATINS,,,
928@,FLORES,TULIPA,CORTE,,
1102@,PESCADOS,ANCHOVA,,,
1104@1017,PESCADOS,ATUM,,P,ATUM_P
1138@,PESCADOS,CAMARÃO,PITU (LAGOSTIN),,
1160@,PESCADOS,CÔNGRIO ROSA,,,
1163@,PESCADOS,CURIMBA,,,
1166@,PESCADOS,DOURADO,ÁGUA SALGADA,,
1169@,PESCADOS,FILE DE MERLUZA,,,
1182@,PESCADOS,LAMBARI,,,
1197@,PESCADOS,MISTURA,ÁGUA DOCE,,
1199@1014,PESCADOS,NAMORADO,,G,NAMORADO_G
1199@1018,PESCADOS,NAMORADO,,M,NAMORADO_M
1202@,PESCADOS,OLHO-DE-CÃO,,,
1144@,PESCADOS,PEIXE-CARÁ,,,
1228@,PESCADOS,PIAU,,,
1229@,PESCADOS,PINTADO,,,
1234@1014,PESCADOS,POLVO,,G,POLVO_G
1234@1018,PESCADOS,POLVO,,M,POLVO_M
1234@1017,PESCADOS,POLVO,,P,POLVO_P
1236@,PESCADOS,PREGO,,,
1240@,PESCADOS,RONCADOR,,,
,PESCADOS,SALMÃO,IMPORTADO CHILE,,
1254@,PESCADOS,SIRI,,,
22@,FRUTAS,AMEIXA,IMP. ESPANHA,,
59@,FRUTAS,CAQUI,ROXO IMP. ESPANHA,,
69@,FRUTAS,DAMASCO,IMP.,,
100@1045,FRUTAS,LICHIA,,CUMBUCA,LICHIA_CUMBUCA
124@,FRUTAS,MANGA,COQUINHO,,
125@199,FRUTAS,MANGA,ESPADA,B,MANGA_B
125@205,FRUTAS,MANGA,ESPADA,C,MANGA_C
275@,FRUTAS,MANGA,SHELLY,,
132@193,FRUTAS,MANGA,VAN DICK,A,MANGA_A
132@199,FRUTAS,MANGA,VAN DICK,B,MANGA_B
132@205,FRUTAS,MANGA,VAN DICK,C,MANGA_C
134@,FRUTAS,MANGOSTIM,,,
264@,FRUTAS,MELÃO,POLPA BRANCA MATISSE,,
167@116,FRUTAS,PERA,PACKHAMS TRIUMPH IMP.,80 A 100 FRUTOS,PERA_80 A 100 FRUTOS
167@165,FRUTAS,PERA,PACKHAMS TRIUMPH IMP.,120 A 150 FRUTOS,PERA_120 A 150 FRUTOS
184@349,FRUTAS,PÊSSEGO,AURORA,CALIBRE 4,PÊSSEGO_CALIBRE 4
184@262,FRUTAS,PÊSSEGO,AURORA,CALIBRE 3,PÊSSEGO_CALIBRE 3
184@261,FRUTAS,PÊSSEGO,AURORA,CALIBRE 2,PÊSSEGO_CALIBRE 2
187@349,FRUTAS,PÊSSEGO,CHIMARRITA,CALIBRE 4,PÊSSEGO_CALIBRE 4
187@262,FRUTAS,PÊSSEGO,CHIMARRITA,CALIBRE 3,PÊSSEGO_CALIBRE 3
187@261,FRUTAS,PÊSSEGO,CHIMARRITA,CALIBRE 2,PÊSSEGO_CALIBRE 2
191@349,FRUTAS,PÊSSEGO,DOURADO,CALIBRE 4,PÊSSEGO_CALIBRE 4
191@262,FRUTAS,PÊSSEGO,DOURADO,CALIBRE 3,PÊSSEGO_CALIBRE 3
191@261,FRUTAS,PÊSSEGO,DOURADO,CALIBRE 2,PÊSSEGO_CALIBRE 2
198@349,FRUTAS,PÊSSEGO,FASCÍNIO,CALIBRE 4,PÊSSEGO_CALIBRE 4
198@262,FRUTAS,PÊSSEGO,FASCÍNIO,CALIBRE 3,PÊSSEGO_CALIBRE 3
198@261,FRUTAS,PÊSSEGO,FASCÍNIO,CALIBRE 2,PÊSSEGO_CALIBRE 2
176@,FRUTAS,UVA,NACIONAL,,
628@619,VERDURAS,CENOURA COM FOLHAS,,08 MAÇOS,CENOURA COM FOLHAS_08 MAÇOS
1255@,PESCADOS,GUAIVIRA,,,
37@,FRUTAS,AMÊNDOA,IMP.,,
40@,FRUTAS,AVELÃ,IMP.,,
61@,FRUTAS,CASTANHA,IMP. PORTUGAL,,
246@,FRUTAS,CASTANHA,PORTUGUESA NACIONAL,,
73@199,FRUTAS,FIGO,DA ÍNDIA,B,FIGO_B
128@193,FRUTAS,MANGA,OURO,A,MANGA_A
128@199,FRUTAS,MANGA,OURO,B,MANGA_B
128@205,FRUTAS,MANGA,OURO,C,MANGA_C
276@,FRUTAS,MANGA,TINFAN,,
146@,FRUTAS,MEXERICA,MANDARINA IMP.,,
821@1028,DIVERSOS,CEBOLA,IMP.,CAIXA 4,CEBOLA_CAIXA 4
818@1027,DIVERSOS,CEBOLA,IMP. ARGENTINA,CAIXA 3,CEBOLA_CAIXA 3
818@1029,DIVERSOS,CEBOLA,IMP. ARGENTINA,CAIXA 2,CEBOLA_CAIXA 2
871@1027,DIVERSOS,CEBOLA,IMP. ESPANHA,CAIXA 3,CEBOLA_CAIXA 3
900@,FLORES,AGAPANTO,,,
979@,FLORES,TUIA,(ARVORE DE NATAL),,
1200@,PESCADOS,OLHETE,,,
1210@1014,PESCADOS,PARGO,,G,PARGO_G
1210@1018,PESCADOS,PARGO,,M,PARGO_M
1210@1017,PESCADOS,PARGO,,P,PARGO_P
1249@,PESCADOS,SARDINHA,LAGES,,
3@928,FRUTAS,ABACATE,FORTUNA,BOCA 08 A 11,ABACATE_BOCA 08 A 11
3@444,FRUTAS,ABACATE,FORTUNA,BOCA 12 A 15,ABACATE_BOCA 12 A 15
251@,FRUTAS,AMEIXA,IMP. ARGENTINA,,
45@247,FRUTAS,BANANA,OURO VERDE,SEGUNDA,BANANA_SEGUNDA
55@56,FRUTAS,CAQUI,FUYU,18 A 24 FRUTOS,CAQUI_18 A 24 FRUTOS
55@57,FRUTAS,CAQUI,FUYU,26 A 34 FRUTOS,CAQUI_26 A 34 FRUTOS
55@58,FRUTAS,CAQUI,FUYU,36 A 40 FRUTOS,CAQUI_36 A 40 FRUTOS
258@,FRUTAS,TANGERINA,IMP.,,
1116@,PESCADOS,BERBIGÃO,LIMPO,,
1195@,PESCADOS,MEXILHÃO,LIMPO,,
1203@,PESCADOS,OSTRA,,,
1242@,PESCADOS,SALMÃO,IMP. CHILE,,
70@,FRUTAS,EMBU,,,
408@873,LEGUMES,BATATA-DOCE,AMARELA,2A,BATATA-DOCE_2A
408@872,LEGUMES,BATATA-DOCE,AMARELA,1A,BATATA-DOCE_1A
408@1014,LEGUMES,BATATA-DOCE,AMARELA,G,BATATA-DOCE_G
993@,FLORES,PETÚNIA,,,
271@272,FRUTAS,KIWI,GOLD IMP. NOVA ZELÂNDIA,44 A 48 FRUTOS,KIWI_44 A 48 FRUTOS
,FRUTAS,KIWI,IMP.,,
92@89,FRUTAS,KIWI,IMP. NOVA ZELÂNDIA,65 A 78 FRUTOS,KIWI_65 A 78 FRUTOS
252@,FRUTAS,MAÇÃ,PINK LADY IMP.,,
177@269,FRUTAS,PÊSSEGO,IMP. ESPANHA,48 A 56 FRUTOS,PÊSSEGO_48 A 56 FRUTOS
803@439,DIVERSOS,ALHO,IMP. CHINA,TIPO 7,ALHO_TIPO 7
1205@,PESCADOS,PACU,,,
1256@,PESCADOS,SOROROCA,,,
75@,FRUTAS,FIGO,SECO IMP.,,
205@349,FRUTAS,PÊSSEGO,XIRIPA,CALIBRE 4,PÊSSEGO_CALIBRE 4
205@262,FRUTAS,PÊSSEGO,XIRIPA,CALIBRE 3,PÊSSEGO_CALIBRE 3
205@261,FRUTAS,PÊSSEGO,XIRIPA,CALIBRE 2,PÊSSEGO_CALIBRE 2
59@,FRUTAS,CAQUI,IMP. ESPANHA,,
821@1027,DIVERSOS,CEBOLA,IMP.,CAIXA 3,CEBOLA_CAIXA 3
821@1029,DIVERSOS,CEBOLA,IMP.,CAIXA 2,CEBOLA_CAIXA 2
619@618,VERDURAS,BETERRABA COM FOLHAS,,10 MAÇOS,BETERRABA COM FOLHAS_10 MAÇOS
425@,VERDURAS,COGUMELO,DIVERSOS,,
1100@1014,PESCADOS,ABRÓTEA,,G,ABRÓTEA_G
1100@1018,PESCADOS,ABRÓTEA,,M,ABRÓTEA_M
1100@1017,PESCADOS,ABRÓTEA,,P,ABRÓTEA_P
1211@,PESCADOS,PARU,,,
15@,FRUTAS,ABIU,,,
169@116,FRUTAS,PERA,RED BARTLETT IMP.,80 A 100 FRUTOS,PERA_80 A 100 FRUTOS
169@165,FRUTAS,PERA,RED BARTLETT IMP.,120 A 150 FRUTOS,PERA_120 A 150 FRUTOS
242@199,FRUTAS,UVA,BENITAKA,B,UVA_B
243@199,FRUTAS,UVA,ITÁLIA,B,UVA_B
1104@1018,PESCADOS,ATUM,,M,ATUM_M
1154@,PESCADOS,CAVALA,,,
1170@,PESCADOS,CROASSU,,,
1226@,PESCADOS,PESCADA,TORTINHA,,
231@,FRUTAS,UVA,THOMPSON IMP.,,
977@,FLORES,SEMPRE-VIVA,,,
56@951,FRUTAS,CAQUI,GIOMBO,EXTRA 5A / 6A,CAQUI_EXTRA 5A / 6A
56@950,FRUTAS,CAQUI,GIOMBO,EXTRA 3A / 4A,CAQUI_EXTRA 3A / 4A
56@949,FRUTAS,CAQUI,GIOMBO,EXTRA 1A/2A,CAQUI_EXTRA 1A/2A
113@,FRUTAS,LONGAN,,,
250@,FRUTAS,UVA,IMPERIAL IMP.,,
676@1015,VERDURAS,ALFACE,ROXA,18 UNIDADES,ALFACE_18 UNIDADES
910@,FLORES,BRANQUINHA,,,
143@,FRUTAS,MELÃO,NET MELON,,
1220@,PESCADOS,PANGASIUS,,,
100@940,FRUTAS,LICHIA,,COM RAMO,LICHIA_COM RAMO
62@,FRUTAS,CASTANHA,IMP.,,
196@349,FRUTAS,PÊSSEGO,NACIONAL,CALIBRE 4,PÊSSEGO_CALIBRE 4
196@262,FRUTAS,PÊSSEGO,NACIONAL,CALIBRE 3,PÊSSEGO_CALIBRE 3
196@261,FRUTAS,PÊSSEGO,NACIONAL,CALIBRE 2,PÊSSEGO_CALIBRE 2
232@199,FRUTAS,UVA,BRASIL,B,UVA_B
239@199,FRUTAS,UVA,RUBI,B,UVA_B
